{"hyperparameters": {"num_epochs": 5, "learning_rate": 0.001, "batch_size": 12, "data_augmentation": false}, "confusion_matrix": [[75, 0, 0], [0, 75, 0], [0, 0, 75]], "train_loss": 0.007735588829442956, "test_loss": 0.0018488810651194256}