{"hyperparameters": {"num_epochs": 5, "learning_rate": 0.001, "batch_size": 12, "data_augmentation": false}, "confusion_matrix": [[75, 0, 0], [0, 75, 0], [0, 0, 75]], "train_loss": 0.018404160566812305, "test_loss": 0.006229918626271875, "accuracy": 295.415745708155}